name,type,address,rating,reviews,query,scraped_at,link,image
Baltic Store,Convenience Store, · 34 Chester Rd W,5.0,2,shops near me,2025-11-15 11:17:25.163129,https://www.google.com/maps/place/Baltic+Store/data=!4m7!3m6!1s0x487adafac1a60943:0x39752bd5b571c58!8m2!3d53.2128641!4d-3.0407657!16s%2Fg%2F11b_3d9mrq!19sChIJQwmmwfraekgRWBxXW71SlwM?authuser=0&hl=en&rclk=1,https://lh3.googleusercontent.com/gps-cs-s/AG0ilSxAj8PDEALukZrs9KNLW7BOJJtQBds3LViqGSpg3wy25XS1w6yEbWD4ueHEJrthLyuI5akPU449W69PpG1OfS8Z5vVRgz95sYCQhhMF2tYYGSWzxepaj7MoNAAJx_tncjTpbXY=w125-h92-k-no
Shotton Food Centre,Convenience Store, · 40 Chester Rd W,0.0,0,shops near me,2025-11-15 11:17:25.231211,https://www.google.com/maps/place/Shotton+Food+Centre/data=!4m7!3m6!1s0x487adb001a0aff97:0xf7de6b7592621e57!8m2!3d53.2129693!4d-3.0410399!16s%2Fg%2F11vzd1fmm4!19sChIJl_8KGgDbekgRVx5iknVr3vc?authuser=0&hl=en&rclk=1,https://lh3.googleusercontent.com/gps-cs-s/AG0ilSwHTJXnkkNpha9RPoEu-DeN3YMIdJ5Zmas97fR8Aoz_NIM2tEgg9cywFW_eKWWbO5Gde5enwwsEHziELfhdAHoZutcGO_m4xhOft5Azd8A8C2j7qfvlWYsRSKBvLZwlPZO3wOA2mvAi5BhM=w122-h92-k-no
GOGO convenience Store,Convenience Store, · 82 Chester Rd W,5.0,2,shops near me,2025-11-15 11:17:25.314687,https://www.google.com/maps/place/GOGO+convenience+Store/data=!4m7!3m6!1s0x487adb1b8b00897b:0xf9afd9f883600475!8m2!3d53.2136685!4d-3.0427986!16s%2Fg%2F11wfs78b_3!19sChIJe4kAixvbekgRdQRgg_jZr_k?authuser=0&hl=en&rclk=1,https://lh3.googleusercontent.com/p/AF1QipM-v39AYKJxLXwJbj8g6cP5LosOMuBgPIlM8SSl=w80-h142-k-no
Bargain Booze Plus,Convenience Store,Off-licence with discounted prices,0.0,0,shops near me,2025-11-15 11:17:25.381794,https://www.google.com/maps/place/Bargain+Booze+Plus/data=!4m7!3m6!1s0x487adafabe593a1b:0x7fa706144f79f28b!8m2!3d53.2128213!4d-3.0413087!16s%2Fg%2F11fz7td1r1!19sChIJGzpZvvraekgRi_J5TxQGp38?authuser=0&hl=en&rclk=1,https://lh3.googleusercontent.com/p/AF1QipP1Kyvz7fLz0K8UtA4BIYZC1UZVaueQDlMG9O2d=w92-h92-k-no
MEDINA SUPERMARKET,Convenience Store, · 34 Chester Rd W,3.5,2,shops near me,2025-11-15 11:17:25.458247,https://www.google.com/maps/place/MEDINA+SUPERMARKET/data=!4m7!3m6!1s0x487adafac1ac54bf:0x33935bd776aa1973!8m2!3d53.2129349!4d-3.0407318!16s%2Fg%2F11l6t3b2h7!19sChIJv1SswfraekgRcxmqdtdbkzM?authuser=0&hl=en&rclk=1,https://lh3.googleusercontent.com/gps-cs-s/AG0ilSzYA7Wdkje8BYOIZyKLbk13KsFmUhnhJjKTAZYOg4OFtaw9IUptgxu2svxr4IEyHLjd-mx0ah4xGaFfVV9jtl6GSwBWgvIaViZTaSfyOQ8CKpsSzHOM580aYKO0Skkxkqk1n05-VQ=w122-h92-k-no
Savers Health & Beauty,Discount shop," · 41, 43 Chester Rd W",4.6,114,shops near me,2025-11-15 11:17:25.529809,https://www.google.com/maps/place/Savers+Health+%26+Beauty/data=!4m7!3m6!1s0x487adafabf57511f:0xb46227546b2b7824!8m2!3d53.2127371!4d-3.0410321!16s%2Fg%2F11bxc6glbx!19sChIJH1FXv_raekgRJHgra1QnYrQ?authuser=0&hl=en&rclk=1,https://lh3.googleusercontent.com/gps-cs-s/AG0ilSx_WsyRFjd4ZzlCK2ZskyieAYNXrVRb-cCmgSuSkr4MigyrBJ6dQzIEoAggihwjpNBeOHFaR8MzGnDuIRpsNPvYlYPmno768aN3rbQlW0YkL52geOQlhsFZNVw3G0gMxSmk9h4z9Q=w122-h92-k-no
RainbowBiz Hippy Shop,Gift shop, · 20 Chester Rd W,5.0,58,shops near me,2025-11-15 11:17:25.616405,https://www.google.com/maps/place/RainbowBiz+Hippy+Shop/data=!4m7!3m6!1s0x487adafac6744735:0xb2f481068921b7a8!8m2!3d53.2126862!4d-3.0399378!16s%2Fg%2F11dxc0nbjt!19sChIJNUd0xvraekgRqLchiQaB9LI?authuser=0&hl=en&rclk=1,https://lh3.googleusercontent.com/p/AF1QipPmWVg5T9G2Na2lUbFfYxu-cxdQJPaSuWqFONVo=w138-h92-k-no
Super Pound Store,Pound Shop, · 49 Chester Rd W,4.1,25,shops near me,2025-11-15 11:17:25.695523,https://www.google.com/maps/place/Super+Pound+Store/data=!4m7!3m6!1s0x487adafabd64dadb:0x8709953143310ce8!8m2!3d53.2129592!4d-3.0417136!16s%2Fg%2F11c6yfkgmd!19sChIJ29pkvfraekgR6AwxQzGVCYc?authuser=0&hl=en&rclk=1,https://lh3.googleusercontent.com/gps-cs-s/AG0ilSwe17ycGq4xBi62PDOeMIfUR_wC-0zx9soePKhHSugFjkvL8mXsOmnYVTVVKLSRrRH0TGzs9-H9OHrmcDzhWj8EoNuHoodkpTyuVHVeMnIW4qo_7nT8Nba0ZVV7mJsSlC4STdHvdg=w131-h92-k-no
Grosik in shotton Ltd,Supermarket, · 23-25 Chester Rd W,4.3,64,shops near me,2025-11-15 11:17:25.768169,https://www.google.com/maps/place/Grosik+in+shotton+Ltd/data=!4m7!3m6!1s0x487adafadabd6451:0xb08970f264947b6c!8m2!3d53.212388!4d-3.0400574!16s%2Fg%2F11b_3f6z5d!19sChIJUWS92vraekgRbHuUZPJwibA?authuser=0&hl=en&rclk=1,https://lh3.googleusercontent.com/gps-cs-s/AG0ilSxE3KKkh-cQMjmdoXE38bFL_GAwYR7aDOHV4jWzukxvN06UMsWnHQkj6cYSxiloTZt6sD33bTtM6z97lxBnJYkJ0mVCjmnm0Zu-oK2WV0Vk3TGvt1tT3E745m5o3bPlyfKM9EOrIg=w122-h92-k-no
Bargain Booze,Off Licence, · 43 Chester Rd W,4.5,24,shops near me,2025-11-15 11:17:25.842303,https://www.google.com/maps/place/Bargain+Booze/data=!4m7!3m6!1s0x487adafa955a8597:0x1b77691869759148!8m2!3d53.2128503!4d-3.0413088!16s%2Fg%2F1w4vjgbv!19sChIJl4ValfraekgRSJF1aRhpdxs?authuser=0&hl=en&rclk=1,https://lh3.googleusercontent.com/gps-cs-s/AG0ilSwgqTV6hWGNwoA1gt7ma0kZqmCFKNYCQ9FQKePYl3c7xa28XZK2ixx8n_hxW_zjToxHL-s8E6D43QbfDTDi7puksh7FzvM-dj5B1zY3EUuLCnfJXUNrk9G0aZ2sot_dDp01n406=w122-h92-k-no
Shotton Lane Stores,Convenience Store, · 66a Shotton Ln,3.9,17,shops near me,2025-11-15 11:17:25.921956,https://www.google.com/maps/place/Shotton+Lane+Stores/data=!4m7!3m6!1s0x487adac72ed8716d:0x3732aa8e866a00c4!8m2!3d53.2084846!4d-3.0375538!16s%2Fg%2F1tyt4wwr!19sChIJbXHYLsfaekgRxABqho6qMjc?authuser=0&hl=en&rclk=1,https://streetviewpixels-pa.googleapis.com/v1/thumbnail?panoid=3fSkldbm7uojiwhztgxRVg&cb_client=search.gws-prod.gps&w=80&h=92&yaw=258.59308&pitch=0&thumbfov=100
B&M Express,Discount supermarket, · 57 Chester Rd W,4.4,103,shops near me,2025-11-15 11:17:26.000749,https://www.google.com/maps/place/B%26M+Express/data=!4m7!3m6!1s0x487adafaeaab3a29:0x9d9d8ccae30c6481!8m2!3d53.2131744!4d-3.0422232!16s%2Fg%2F1yh9tzvx_!19sChIJKTqr6vraekgRgWQM48qMnZ0?authuser=0&hl=en&rclk=1,https://lh3.googleusercontent.com/gps-cs-s/AG0ilSyG43ryid5rxRBLoURxXEW7mV-FH3zxv84U0EQ7RVnntXXItsLXbfbF-Vs5B8ssEGpmEw9G9g1BYDSw1MQ9gGNlMeVl8Qxo0LTBC1jju4yfNMg25faIidoubc4lNVGFsC5kunc=w122-h92-k-no
Lidl,Supermarket, · High St,4.3,84,shops near me,2025-11-15 11:17:26.081461,https://www.google.com/maps/place/Lidl/data=!4m7!3m6!1s0x487adb0004eeccab:0xed31f1ba507b19d7!8m2!3d53.21424!4d-3.04524!16s%2Fg%2F11w8lfkzhw!19sChIJq8zuBADbekgR1xl7ULrxMe0?authuser=0&hl=en&rclk=1,https://lh3.googleusercontent.com/gps-cs-s/AG0ilSyq0Blosuf9VrCp-uoykMOMFz42M0crcBvAaHn5zw38gdqK2NJZIXYhTB1GzGxZQgwoFnvXGa-vPHT35M01hGvT4jLJhiuMFG7QhVo5c1-ge8TaypqiQ1e4u9s3GfW9_cxkYI25JQ=w204-h92-k-no
Tesco Express,Convenience Store," · 77, 81 High St",3.8,21,shops near me,2025-11-15 11:17:26.172031,https://www.google.com/maps/place/Tesco+Express/data=!4m7!3m6!1s0x487adbde0da8d4b9:0x2eb7fc3b6315490b!8m2!3d53.215296!4d-3.047987!16s%2Fg%2F11j2xrwpb0!19sChIJudSoDd7bekgRC0kVYzv8ty4?authuser=0&hl=en&rclk=1,https://lh3.googleusercontent.com/gps-cs-s/AG0ilSxaZqjrNXwOj-5GJYb-80RDZvr8lwYBMvwIOhjAg0X-CwepJfgmsSW6VXpAJGYJ97kG-ZJ7nBqmqYZQs9sCnzKWIRBMVhT1MZ_U6VTCYj17A4b6A3F3e1-NzlzrDYMGwYAI62_Wdw=w122-h92-k-no
Not Just A Newsagent,Convenience Store, · 1 Chester Rd W,3.0,14,shops near me,2025-11-15 11:17:26.274898,https://www.google.com/maps/place/Not+Just+A+Newsagent/data=!4m7!3m6!1s0x487adafad9002563:0x544006259ce36261!8m2!3d53.2120094!4d-3.0391369!16s%2Fg%2F11b8c45ljw!19sChIJYyUA2fraekgRYWLjnCUGQFQ?authuser=0&hl=en&rclk=1,https://lh3.googleusercontent.com/gps-cs-s/AG0ilSzEug051BYNMVdXt1WqiX5SE13bd0K5K_t65l4H3A3uvAK9X_nN8npWJuB4hKFRVSgwIyFvsfCFQ_wcAzq7kHplKW3RRTwo9mAQBCObylxRP1Ouo99k6ahDlPQI7fdbXbjWZi5uFQ=w122-h92-k-no
Sayers,Bakery, · 17 Chester Rd W,2.4,23,shops near me,2025-11-15 11:17:26.366041,https://www.google.com/maps/place/Sayers/data=!4m7!3m6!1s0x487adafad0a3bb89:0x3995f707f32460fb!8m2!3d53.2122231!4d-3.0399211!16s%2Fg%2F1tfd1yfs!19sChIJibuj0PraekgR-2Ak8wf3lTk?authuser=0&hl=en&rclk=1,https://lh3.googleusercontent.com/gps-cs-s/AG0ilSwMn0vFJEvBAiYjPZIzepYCeBrd7LVN7JtIhNcmEIY6T-Jt1rzoov7x8iQ-yt5UvJRH2KQmIL5Q49f8Y9I10FbD7o3ga-qh6sUHgGw9kfeD6s2U8FPV6whLtyMAwAhUrJd06EP5zw=w122-h92-k-no
Cancer Research UK,Charity shop, · 41-43 Chester Rd W,4.5,2,shops near me,2025-11-15 11:17:26.450256,https://www.google.com/maps/place/Cancer+Research+UK/data=!4m7!3m6!1s0x487adafa955a8597:0x3a7756ad1b7926c4!8m2!3d53.2128088!4d-3.0412342!16s%2Fg%2F1trrcqvr!19sChIJl4ValfraekgRxCZ5G61Wdzo?authuser=0&hl=en&rclk=1,https://lh3.googleusercontent.com/gps-cs-s/AG0ilSzyhjJlJKW-oxiMCtEZQxXUokrI21SvMoyj-jkSqD2kr8A9xfJh9w1udk_9K-pIWVrMHcBq6hPy8Kxubzof4Dstcd0kBQqkhu9M-f1rs2QAqAOJgFbKOwoYGXRl9oVIBOGrjBY=w122-h92-k-no
Vape Shop & Coffee,Vaporiser Shop, · Chester Rd W,3.0,2,shops near me,2025-11-15 11:17:26.545165,https://www.google.com/maps/place/Vape+Shop+%26+Coffee/data=!4m7!3m6!1s0x487adb002b885e41:0x8bb3b32d97544f3d!8m2!3d53.2123953!4d-3.0401716!16s%2Fg%2F11lydwdvfc!19sChIJQV6IKwDbekgRPU9Uly2zs4s?authuser=0&hl=en&rclk=1,https://lh3.googleusercontent.com/gps-cs-s/AG0ilSz4LsCzmqqFJ6N1Agy9OlIGFcwchP0kquSaaCMqKmP020eeQC3I3G_SBYHtcskCJtPJAFzZ59L0q5M_kGOkpODC3ANlQStYAKLNU4AHTQnm8ztZqJw8hy1t-DVP8q7EEAxYWtfQWA=w204-h92-k-no
Anastasia's Giftware,Gift shop, · 40 Chester Rd W,0.0,0,shops near me,2025-11-15 11:17:26.633924,https://www.google.com/maps/place/Anastasia%27s+Giftware/data=!4m7!3m6!1s0x487adae4b76774a1:0x38e5ee94f61d6881!8m2!3d53.2110934!4d-3.037192!16s%2Fg%2F11c6c8crvk!19sChIJoXRnt-TaekgRgWgd9pTu5Tg?authuser=0&hl=en&rclk=1,https://streetviewpixels-pa.googleapis.com/v1/thumbnail?panoid=GJrIuNXoAuxxF2h8vhRX6g&cb_client=search.gws-prod.gps&w=80&h=92&yaw=242.14465&pitch=0&thumbfov=100
Premier,Convenience Store, · 64 Shotton Ln,0.0,0,shops near me,2025-11-15 11:17:26.701483,https://www.google.com/maps/place/Premier/data=!4m7!3m6!1s0x487adb017d6d647d:0x63e9402e25264175!8m2!3d53.2084866!4d-3.0375665!16s%2Fg%2F11v07j0_n3!19sChIJfWRtfQHbekgRdUEmJS5A6WM?authuser=0&hl=en&rclk=1,https://lh3.googleusercontent.com/p/AF1QipNLu3ayKSYnRINq748eOAw_9ubgIZw3KXPh3Aub=w92-h92-k-no
Boots Pharmacy,Pharmacy, · 7-9 Chester Rd W,4.4,54,shops near me,2025-11-15 11:17:26.788016,https://www.google.com/maps/place/Boots+Pharmacy/data=!4m7!3m6!1s0x487adafad907f4b3:0xb9eebc3d3e4a8d8d!8m2!3d53.2121529!4d-3.0395507!16s%2Fg%2F1tdcwmvn!19sChIJs_QH2fraekgRjY1KPj287rk?authuser=0&hl=en&rclk=1,https://lh3.googleusercontent.com/gps-cs-s/AG0ilSw4SlXEtipBlYmqeY2lVo4jHUpc_x1NPn6fQbr6QwMgTmmab-cUEdOBIzet6VrQ_v-FPhR-y61j1B1oS0eUSGReqP8pF0tzl3FdP7mkY1Jqx0r5RPD7DBZa98UPXhUrUltHPTvE=w121-h92-k-no
InPost Shop,Shipping service, · 1 Chester Rd W,0.0,0,shops near me,2025-11-15 11:17:26.865967,https://www.google.com/maps/place/InPost+Shop/data=!4m7!3m6!1s0x487adb2950753d83:0x3b0faac39a083bae!8m2!3d53.2119121!4d-3.0392896!16s%2Fg%2F11xl3nbt69!19sChIJgz11UCnbekgRrjsImsOqDzs?authuser=0&hl=en&rclk=1,https://streetviewpixels-pa.googleapis.com/v1/thumbnail?panoid=hBeEpYIqGe06itSlG89Ldg&cb_client=search.gws-prod.gps&w=80&h=92&yaw=212.10556&pitch=0&thumbfov=100
Premier,Convenience Store, · 64 Shotton Ln,0.0,0,shops near me,2025-11-15 11:17:26.944369,https://www.google.com/maps/place/Premier/data=!4m7!3m6!1s0x487adb017d6d647d:0x63e9402e25264175!8m2!3d53.2084866!4d-3.0375665!16s%2Fg%2F11v07j0_n3!19sChIJfWRtfQHbekgRdUEmJS5A6WM?authuser=0&hl=en&rclk=1,https://lh3.googleusercontent.com/p/AF1QipNLu3ayKSYnRINq748eOAw_9ubgIZw3KXPh3Aub=w92-h92-k-no
NextGenGadgets,Shop, · 3 Bridge St,0.0,0,shops near me,2025-11-15 11:17:27.032519,https://www.google.com/maps/place/NextGenGadgets/data=!4m7!3m6!1s0x487adbbf23b92c37:0x85fbc18e56c5087e!8m2!3d53.2140582!4d-3.0430688!16s%2Fg%2F11x07_j_js!19sChIJNyy5I7_bekgRfgjFVo7B-4U?authuser=0&hl=en&rclk=1,https://streetviewpixels-pa.googleapis.com/v1/thumbnail?panoid=6aXwuWdZd1XaxWjA61vYpg&cb_client=search.gws-prod.gps&w=80&h=92&yaw=332.05923&pitch=0&thumbfov=100
Head Chef Cafe & Restaurant,Coffee shop, · 19 Chester Rd W,4.7,143,shops near me,2025-11-15 11:17:27.213431,https://www.google.com/maps/place/Head+Chef+Cafe+%26+Restaurant/data=!4m7!3m6!1s0x487adafada07ed11:0x7d730fc5b778ed24!8m2!3d53.2123027!4d-3.0398861!16s%2Fg%2F11_s2dfw7!19sChIJEe0H2vraekgRJO14t8UPc30?authuser=0&hl=en&rclk=1,https://lh3.googleusercontent.com/p/AF1QipM0j89FAo1pIx_tepkU5w_qmZqDSxuMhiCfhA73=w109-h92-k-no
Evpe Shotton,Shop, · 61 Chester Rd W,4.5,8,shops near me,2025-11-15 11:17:27.333579,https://www.google.com/maps/place/Evpe+Shotton/data=!4m7!3m6!1s0x487adba769e599b9:0xa2f58c80cf601789!8m2!3d53.213303!4d-3.0425398!16s%2Fg%2F11l27kkxnw!19sChIJuZnlaafbekgRiRdgz4CM9aI?authuser=0&hl=en&rclk=1,https://lh3.googleusercontent.com/p/AF1QipMwxXqiLTyuZNW16JBZfzkgc4J6hVdRsH0fMvcc=w122-h92-k-no
T L M Computers,Computer Software Shop, · 14B Chester Rd W,4.8,6,shops near me,2025-11-15 11:17:27.446918,https://www.google.com/maps/place/T+L+M+Computers/data=!4m7!3m6!1s0x487adafad6ff7807:0xff27b402d1e0cbbf!8m2!3d53.2125286!4d-3.0398129!16s%2Fg%2F1tg_fl8h!19sChIJB3j_1vraekgRv8vg0QK0J_8?authuser=0&hl=en&rclk=1,https://lh3.googleusercontent.com/gps-cs-s/AG0ilSw2OxtxVC3WE17Z3_Y61Kc-EVcqs7t4S2oZFjgsdWWZT2Pfbo8ABtO0fq7U8szIztgn1Ugz0HQ3YD5H74fhqVqn_1wZqHtY-9KjA2TBNWDDYcun5Gd8xcoWys81XZzIfEeB0sR6uQ=w122-h92-k-no
Deeside Retail Park,Shopping Centre, · Evans Way,4.3,1545,shops near me,2025-11-15 11:17:27.565479,https://www.google.com/maps/place/Deeside+Retail+Park/data=!4m7!3m6!1s0x487adb3ebe4ea8e3:0xa514075b0710126f!8m2!3d53.2087295!4d-3.0293683!16s%2Fg%2F11gjm8t2xg!19sChIJ46hOvj7bekgRbxIQB1sHFKU?authuser=0&hl=en&rclk=1,https://lh3.googleusercontent.com/gps-cs-s/AG0ilSxLXUvCNPy9gnS_Jmzb0z8Tsq-bypuBrwiLGSormIw4_K90STlnClDNdoxHpFaWaM0jj3B67wocs5xV8sFng5icaWiJ9wY4r6G5BspUuVJOr1kVSF_q9o4vnGAomNyXLupyNX7-=w163-h92-k-no
Boots Opticians,Optician," · Broughton shopping park, Chester Rd",4.6,179,shops near me,2025-11-15 11:17:27.663712,https://www.google.com/maps/place/Boots+Opticians/data=!4m7!3m6!1s0x487ac4a7f2bfcc7b:0x4cb793810d21b96c!8m2!3d53.2123038!4d-3.039887!16s%2Fg%2F1yh9tr247!19sChIJe8y_8qfEekgRbLkhDYGTt0w?authuser=0&hl=en&rclk=1,https://lh3.googleusercontent.com/p/AF1QipM31LMP22yvmuO8jDqLaWd597XA7iRQCWn9OEMI=w163-h92-k-no
Charlie's Stores Ltd,Homewares Shop, · Chester Rd W,4.4,1553,shops near me,2025-11-15 11:17:27.765467,https://www.google.com/maps/place/Charlie%27s+Stores+Ltd/data=!4m7!3m6!1s0x487adafad6ff7807:0xa47f8a2c0c443f2!8m2!3d53.2096748!4d-3.0319777!16s%2Fg%2F1tdwk0yb!19sChIJB3j_1vraekgR8kPEwKL4Rwo?authuser=0&hl=en&rclk=1,https://lh3.googleusercontent.com/gps-cs-s/AG0ilSxGuKY9AG3VWXEVKv16nTKwFGVepu1DjBj4YzPxl34rZEaQVdgrkLquToNw26zQEBnQm-aGQFGPajJNM2doGyysH7CozwlznyXCvKvIi53hkNVIvJK3ksdWY2ZQoB3I2L6ZPqB3qw=w204-h92-k-no
Deeside Fishing Tackle,Fishing shop, · 48 Chester Rd W,4.7,100,shops near me,2025-11-15 11:17:27.852524,https://www.google.com/maps/place/Deeside+Fishing+Tackle/data=!4m7!3m6!1s0x487adae4c9a6a35f:0x5a0eada3d761d087!8m2!3d53.2109116!4d-3.0369093!16s%2Fg%2F1tftwhc1!19sChIJX6OmyeTaekgRh9Bh16OtDlo?authuser=0&hl=en&rclk=1,https://lh3.googleusercontent.com/gps-cs-s/AG0ilSyqgy-xwg5ih5zQrdNDNazEmqTsLdhknnxJ64ZKyZ-9WoQXOrnXZolzXJ3PRfgdXeDwjkseAUovSpr73yefSTX2QEdpewffSYR8YhKW7xL1Z5yItq64PHs4zxHpTi3h86TjMGGi=w80-h106-k-no
Next Level Nutrition,Sports Nutrition Shop, · 40 Chester Rd W,0.0,0,shops near me,2025-11-15 11:17:27.943008,https://www.google.com/maps/place/Next+Level+Nutrition/data=!4m7!3m6!1s0x487adafabf10c0bb:0xb8119d2dc268bfc0!8m2!3d53.2129766!4d-3.041024!16s%2Fg%2F11c6pnn7fs!19sChIJu8AQv_raekgRwL9owi2dEbg?authuser=0&hl=en&rclk=1,https://lh3.googleusercontent.com/gps-cs-s/AG0ilSxNfpgozeugRJhcbnYSFKTBoAH-xFuc_J98G1Cm4fYNWD6dA3n1SxHhbd4y9FULGSrKagETn6dJhJ7VuxCTEK81kPCdwpQp7pkH7HZpoakFwg067x51FxIO_wcrkl0YuWM8yCqM=w126-h92-k-no
Unavowed Shop,Hobby shop, · 32 Chester Rd W,5.0,2,shops near me,2025-11-15 11:17:28.043665,https://www.google.com/maps/place/Unavowed+Shop/data=!4m7!3m6!1s0x487adb1e5df70083:0x9959aa895788f80d!8m2!3d53.2128333!4d-3.0406816!16s%2Fg%2F11s9xvbgxg!19sChIJgwD3XR7bekgRDfiIV4mqWZk?authuser=0&hl=en&rclk=1,https://lh3.googleusercontent.com/p/AF1QipNDj-KL2h9qO8q_w72gU5FBID4VbiZy1oTzbHwL=w80-h106-k-no
B&M Home Store,Discount shop," · Units 2- 4, Deeside Retail Park, Chester Rd E",4.2,501,shops near me,2025-11-15 11:17:28.137501,https://www.google.com/maps/place/B%26M+Home+Store/data=!4m7!3m6!1s0x487adb191ee4b811:0xba9775fe72e01a1d!8m2!3d53.209717!4d-3.0301397!16s%2Fg%2F11bxc5_qgl!19sChIJEbjkHhnbekgRHRrgcv51l7o?authuser=0&hl=en&rclk=1,https://lh3.googleusercontent.com/gps-cs-s/AG0ilSzU8a7iOQ7zqUghDzEOTgIEw8f2ny-Eut3sH6lefCDolTXT27LTLXjtlo7Y2A_p2R60Byc5kzTykNL3_Sd1DtX4pkEwK2SG1Yb47XZhrE7UDmhwdL-C_kC_v5zbm-H_u1Zam6Bp=w162-h92-k-no
"The Range, Queensferry",Homewares Shop," · Deeside Retail Park, Chester Rd W",4.3,2732,shops near me,2025-11-15 11:17:28.230681,"https://www.google.com/maps/place/The+Range,+Queensferry/data=!4m7!3m6!1s0x487adae2fb6d3351:0xf156956b6c71e27c!8m2!3d53.2095058!4d-3.0289308!16s%2Fg%2F11cs5g6q5n!19sChIJUTNt--LaekgRfOJxbGuVVvE?authuser=0&hl=en&rclk=1",https://lh3.googleusercontent.com/gps-cs-s/AG0ilSwJsMy6pVHjjHVgh5m87_BQwvyG7iDBlYZpEEl4GMsdKIiW6q2iAeRPwSNkxoDPseZVLPvexL2T_2SXcfINUqoI4ByUN89wE57pmlcaWhD71XLzc4KGQcuKE5jki-TtqrlTMr72=w80-h142-k-no
Best Of The Bunch,Florist, · 74 Chester Rd W,4.8,35,shops near me,2025-11-15 11:17:28.336459,https://www.google.com/maps/place/Best+Of+The+Bunch/data=!4m7!3m6!1s0x487adaf079ca8339:0xb6c5119c137d04da!8m2!3d53.2135422!4d-3.0425888!16s%2Fg%2F1tdk9m46!19sChIJOYPKefDaekgR2gR9E5wRxbY?authuser=0&hl=en&rclk=1,https://lh3.googleusercontent.com/gps-cs-s/AG0ilSwNw12V1iheRKZp6d9Un3h_tyQYNq-zEHhSoHKRvFWetsyqQK__yen_rjhYf2RZo6RBbmR45oUihX8lZuhvc6RD8gZDus-sNlq_R1uIgJ9mKH9kRgG3VL25dVxeCc_Zj76UBNgtWg=w122-h92-k-no
Luxury Clouds Vape Store,Vaporiser Shop, · 88 Chester Rd W,5.0,1,shops near me,2025-11-15 11:17:28.541919,https://www.google.com/maps/place/Luxury+Clouds+Vape+Store/data=!4m7!3m6!1s0x487adba62e545d47:0x1fd29fad3b540e07!8m2!3d53.2138124!4d-3.0433017!16s%2Fg%2F11st6d2y5s!19sChIJR11ULqbbekgRBw5UO62f0h8?authuser=0&hl=en&rclk=1,https://streetviewpixels-pa.googleapis.com/v1/thumbnail?panoid=MRyUCXnsUH06h0toERE_1Q&cb_client=search.gws-prod.gps&w=80&h=92&yaw=27.99057&pitch=0&thumbfov=100
Shotton Cycles,Bicycle Shop, · 24 Chester Rd W,4.1,20,shops near me,2025-11-15 11:17:28.645964,https://www.google.com/maps/place/Shotton+Cycles/data=!4m7!3m6!1s0x487adae4c9a6a35f:0xc5fd00de8a496a85!8m2!3d53.2113508!4d-3.0377928!16s%2Fg%2F1tlbt7t4!19sChIJX6OmyeTaekgRhWpJit4A_cU?authuser=0&hl=en&rclk=1,https://lh3.googleusercontent.com/gps-cs-s/AG0ilSw84pFJ3n32VqaWkxK-vhGzd5ekDeq8PD9cIkv0IbN-bzAWJgJY3OGwSpkRruwytHB4cttn4nN2n1h77OvlPYWojP8iXBjRu1eKBZqHwkBPtfU4-K4PUwTHWGmws-24IA1F4Q0=w122-h92-k-no
Vision Express Opticians - Shotton,Optician, · 41a Chester Rd W,4.8,204,shops near me,2025-11-15 11:17:28.761640,https://www.google.com/maps/place/Vision+Express+Opticians+-+Shotton/data=!4m7!3m6!1s0x487adafabf0ba09f:0x74d6535c690a125d!8m2!3d53.2127283!4d-3.041126!16s%2Fg%2F11b6s3x497!19sChIJn6ALv_raekgRXRIKaVxT1nQ?authuser=0&hl=en&rclk=1,https://lh3.googleusercontent.com/p/AF1QipMgzj2_29c6idHkmbyyByCS9c9_u_raYLHzQc0E=w122-h92-k-no
Pleasers The Jewellers,Jeweller, · 30 Chester Rd W,4.4,18,shops near me,2025-11-15 11:17:28.866138,https://www.google.com/maps/place/Pleasers+The+Jewellers/data=!4m7!3m6!1s0x487adafac170c0e9:0x22eebed04cb9e62e!8m2!3d53.2128121!4d-3.0405724!16s%2Fg%2F1tp0d62_!19sChIJ6cBwwfraekgRLua5TNC-7iI?authuser=0&hl=en&rclk=1,https://lh3.googleusercontent.com/gps-cs-s/AG0ilSwe0iIgn1Q-pgaPrAamO9bawS-z6aVKeLldwTbay8xAVf0VnmJ6d2WvrpcKuB7cT755QVWnfH35JzZlZ29UH9L0i-2tIB0Fpbely1oFrAOrVvjc0HsCDe-ElLIRRji2X6SU0E9z=w80-h106-k-no
Cash4U Deeside,Pawn shop, · 21 Chester Rd W,3.7,3,shops near me,2025-11-15 11:17:28.969402,https://www.google.com/maps/place/Cash4U+Deeside/data=!4m7!3m6!1s0x487adbe2c7bc8d9b:0x651c3d7660846430!8m2!3d53.2123086!4d-3.0400702!16s%2Fg%2F11h_cqm9q1!19sChIJm428x-LbekgRMGSEYHY9HGU?authuser=0&hl=en&rclk=1,https://lh3.googleusercontent.com/p/AF1QipOTJLoKpQEBmAld-2eybU3_7bWdjOOkbxhT4UDe=w122-h92-k-no
Diana’s Cakes,Bakery, · 1 Chester Rd W,0.0,0,shops near me,2025-11-15 11:17:29.042864,https://www.google.com/maps/place/Diana%E2%80%99s+Cakes/data=!4m7!3m6!1s0x487adbe6da9ebb1b:0x436244edf6b1f468!8m2!3d53.2111794!4d-3.0375156!16s%2Fg%2F11vcnbfy_m!19sChIJG7ue2ubbekgRaPSx9u1EYkM?authuser=0&hl=en&rclk=1,https://lh3.googleusercontent.com/p/AF1QipM3LrX3H4_GmLQw1i1DKS2oQb_c3GBiT8LMJQvu=w80-h106-k-no
Quay Stores off licence,Convenience Store, · 2 Thornfield Ave,3.7,10,shops near me,2025-11-15 11:17:29.132814,https://www.google.com/maps/place/Quay+Stores+off+licence/data=!4m7!3m6!1s0x487adaed52acb221:0x7725aaf6fd471783!8m2!3d53.2104905!4d-3.0556206!16s%2Fg%2F1thggkpf!19sChIJIbKsUu3aekgRgxdH_faqJXc?authuser=0&hl=en&rclk=1,https://lh3.googleusercontent.com/gps-cs-s/AG0ilSwCEKzhgaeFJMHr91MrOgvUcvwjxQnsTphDaqKV9ZkQtlOcERWHwAEraF-WErPuSyEkmbJwD21edKkxKw3v94jIT7D4iZdS5bTkq3ZsDUNvtdW3z8mqAnt8yR3HUQBSWVsM9OVK=w122-h92-k-no
KARPZ,Fishing shop, · 28 Chester Rd W,5.0,1,shops near me,2025-11-15 11:17:29.225757,https://www.google.com/maps/place/KARPZ/data=!4m7!3m6!1s0x487adbfa28a5d7a7:0xe9a5dec5990af3b4!8m2!3d53.2112979!4d-3.0376365!16s%2Fg%2F11mhjkc293!19sChIJp9elKPrbekgRtPMKmcXepek?authuser=0&hl=en&rclk=1,https://lh3.googleusercontent.com/p/AF1QipOmCtSRtxXdHDiZUBbE-kdSluslxzU3UUV9roi4=w131-h92-k-no
Co-op Food - Aston - Central Drive,Convenience Store, · 21-23 Central Dr,4.7,22,shops near me,2025-11-15 11:17:29.312914,https://www.google.com/maps/place/Co-op+Food+-+Aston+-+Central+Drive/data=!4m7!3m6!1s0x487adae7005a63c5:0x13d66cf4b1695895!8m2!3d53.2036512!4d-3.0382696!16s%2Fg%2F1tgdhj9m!19sChIJxWNaAOfaekgRlVhpsfRs1hM?authuser=0&hl=en&rclk=1,https://lh3.googleusercontent.com/gps-cs-s/AG0ilSxQD3vd6F-zLw4OaVJSH-jNeZRBsTgv79zXf3nKcD0dPhcb5Sq-vEvzsZ4WGKRpufpXObJszoRyivh5mCh-BNgtGf9E19P0SMDOVbpY5rJihaJw3sNOK_3NM8k45YPdcecZeAxCUw=w162-h92-k-no
Beehive Babyland,Baby Clothing Shop, · 72-74 Chester Rd W,4.9,7,shops near me,2025-11-15 11:17:29.407331,https://www.google.com/maps/place/Beehive+Babyland/data=!4m7!3m6!1s0x487adae35e022e45:0xa92e5240b53050c6!8m2!3d53.2103676!4d-3.0358885!16s%2Fg%2F1vvyxm8y!19sChIJRS4CXuPaekgRxlAwtUBSLqk?authuser=0&hl=en&rclk=1,https://lh3.googleusercontent.com/gps-cs-s/AG0ilSwjfyHD1-sT7_Bo1j69rE4YuMMTUfZ80vYRJJY-TujIRXZsJIPKS7L4psoWN_3983MMpZqW9Lm05pJKuUzVVH7jwjSjqaE3_gmcu6lNjPKEb8M0rHcj6ehWAqt8apKN86pLCNiJ=w122-h92-k-no
Graham Weigh Cycles,Bicycle Shop, · 3-5 Chester Rd W,4.5,84,shops near me,2025-11-15 11:17:29.501079,https://www.google.com/maps/place/Graham+Weigh+Cycles/data=!4m7!3m6!1s0x487adae4c9a6a35f:0x9371037d7613a039!8m2!3d53.21193!4d-3.038489!16s%2Fg%2F1td47hsy!19sChIJX6OmyeTaekgROaATdn0DcZM?authuser=0&hl=en&rclk=1,https://lh3.googleusercontent.com/gps-cs-s/AG0ilSyM6doSKHMtQzg1-1Ip59dcvyP-CoCW8AG8d7FuhT7f2V2Um7IStNOYB42PN_3YbG501ac6Sgv1znr3NGbYaxw7YacYZzCO-LZ_ETk0IGE1nbdujcj56FAKWhc4nOi061CqprZD=w122-h92-k-no
Greengrocers,Supermarket, · 61 High St,0.0,0,shops near me,2025-11-15 11:17:29.572406,https://www.google.com/maps/place/Greengrocers/data=!4m7!3m6!1s0x487adaf116ad5719:0x617bc0cdc2a47445!8m2!3d53.2150969!4d-3.0475503!16s%2Fg%2F11j2yp3p34!19sChIJGVetFvHaekgRRXSkws3Ae2E?authuser=0&hl=en&rclk=1,https://streetviewpixels-pa.googleapis.com/v1/thumbnail?panoid=sluUT15NGBDVEk4KJfYgtg&cb_client=search.gws-prod.gps&w=80&h=92&yaw=200.85307&pitch=0&thumbfov=100
InPost Locker,Shop, · 0330 335 0950,0.0,0,shops near me,2025-11-15 11:17:29.658052,https://www.google.com/maps/place/InPost+Locker/data=!4m7!3m6!1s0x487adb5fdf82dfaf:0xd889fc9865da11aa!8m2!3d53.2136111!4d-3.0461543!16s%2Fg%2F11yln2b695!19sChIJr9-C31_bekgRqhHaZZj8idg?authuser=0&hl=en&rclk=1,//maps.gstatic.com/tactile/pane/result-no-thumbnail-1x.png
Equestrian Rubber Chippings,Rubber products supplier, · Chester Rd W,0.0,0,shops near me,2025-11-15 11:17:29.740436,https://www.google.com/maps/place/Equestrian+Rubber+Chippings/data=!4m7!3m6!1s0x487adbc0c3238683:0xc687e4fbd8d5083d!8m2!3d53.2127058!4d-3.0399915!16s%2Fg%2F11qr94rqjq!19sChIJg4Yjw8DbekgRPQjV2Pvkh8Y?authuser=0&hl=en&rclk=1,https://streetviewpixels-pa.googleapis.com/v1/thumbnail?panoid=mEyODqcXA4wKsd7C1dDmTQ&cb_client=search.gws-prod.gps&w=80&h=92&yaw=43.462807&pitch=0&thumbfov=100
Aces High Tattoo Studio,Tattoo shop, · 80 Chester Rd W,4.9,46,shops near me,2025-11-15 11:17:29.838739,https://www.google.com/maps/place/Aces+High+Tattoo+Studio/data=!4m7!3m6!1s0x487adaf079ca8339:0xbb33e399ab78486e!8m2!3d53.2136401!4d-3.0428769!16s%2Fg%2F1tdyf4w3!19sChIJOYPKefDaekgRbkh4q5njM7s?authuser=0&hl=en&rclk=1,https://lh3.googleusercontent.com/gps-cs-s/AG0ilSyyQ6WCGywgzTwV0QCsI-VV5hR2eg44RZryAFi28yNJ2wi-qZyqYb_cXO30t2Yac4ylHloPbe110clkdf9ORK_U9_Tt7LFgv_rXjkppEah6yxhZcL9iUrheJHt1nfCCnp-cklgXrg=w122-h92-k-no
Dixon's Discount Flooring,Flooring Shop, · 26 Chester Rd W,5.0,3,shops near me,2025-11-15 11:17:29.923417,https://www.google.com/maps/place/Dixon%27s+Discount+Flooring/data=!4m7!3m6!1s0x487adafadcae9b1b:0x7c99b50931bb5b28!8m2!3d53.2127196!4d-3.0401585!16s%2Fg%2F11bzslqdtd!19sChIJG5uu3PraekgRKFu7MQm1mXw?authuser=0&hl=en&rclk=1,https://lh3.googleusercontent.com/gps-cs-s/AG0ilSwPIFZoIIsMKtW6Zj3oKyn5FQxbhiXfF6alq9cclJh0WigCtOtUGS8N-9yLd33LRar-ohZzeYcsMa3xexyakSMpr9gxnolMMb_AlDXENLLjMOQhNcOiemY-aTU85lYTjF_Md-4sQA=w122-h92-k-no
Asda Queensferry,Supermarket, · Aston Rd,3.7,502,shops near me,2025-11-15 11:17:29.999496,https://www.google.com/maps/place/Asda+Queensferry/data=!4m7!3m6!1s0x487adae7513dc2f1:0x3f6fe1d2242e2aa7!8m2!3d53.205254!4d-3.027189!16s%2Fg%2F11_rflk6b!19sChIJ8cI9UefaekgRpyouJNLhbz8?authuser=0&hl=en&rclk=1,https://lh3.googleusercontent.com/gps-cs-s/AG0ilSySGTq9yuw5AIxBqXiu9UW-cRGU2FcOCUowcwcD53cEGdLNpkp02zU20qFN-gQXn_MOWCYBgY9S6-bFvO-fdwzWcH-Pe6w4xbkyzoUb42tEKt_Y793vxq1Sk5Gl7XnUGGBx93Mt=w163-h92-k-no
SPAR Queensferry,Convenience Store, · 55 Station Rd,4.3,33,shops near me,2025-11-15 11:17:30.072268,https://www.google.com/maps/place/SPAR+Queensferry/data=!4m7!3m6!1s0x487adb1c0282fc33:0x2f5d1f80c1e6d288!8m2!3d53.2075164!4d-3.0219519!16s%2Fg%2F11cmdn1g19!19sChIJM_yCAhzbekgRiNLmwYAfXS8?authuser=0&hl=en&rclk=1,https://lh3.googleusercontent.com/gps-cs-s/AG0ilSwSx8MrewLeldEBKQdc685_WsP84UKlySfKfORhGinjP4I9LVLU1uNupF3wkP_30Gt4uA2syCy40A_Jn1ZeJREL31ShwLq69Owa4IbOj9udqKOzQJd-OpfSF6hM413tl0D0k4Bw=w122-h92-k-no
Mold Local Express,Convenience Store, · 46 Mold Rd,5.0,3,shops near me,2025-11-15 11:17:30.173501,https://www.google.com/maps/place/Mold+Local+Express/data=!4m7!3m6!1s0x487adbd22d606177:0xfd7b1e3979cfdbfd!8m2!3d53.2150123!4d-3.0539898!16s%2Fg%2F11p5_n_b7c!19sChIJd2FgLdLbekgR_dvPeTkee_0?authuser=0&hl=en&rclk=1,https://lh3.googleusercontent.com/gps-cs-s/AG0ilSyWngcIF_7_YrLNsShkva-ODCDF3QcZCzZToyX_9D5RWa04W1nGRQFkAQJDj5xjMQcQZyVK_ETxMYudxjFP-UvSYBNP0g7I4cIXQEhA_iv40ztn6Qe-SbA9vSbI47unOUoN89Eo=w80-h106-k-no
Sai Food & Wines,Convenience Store, · 8 Thornfield Ave,3.9,20,shops near me,2025-11-15 11:17:30.273150,https://www.google.com/maps/place/Sai+Food+%26+Wines/data=!4m7!3m6!1s0x487ada92a9968b15:0x966b80c7f8e38934!8m2!3d53.2106607!4d-3.0557437!16s%2Fg%2F11bzsy10v3!19sChIJFYuWqZLaekgRNInj-MeAa5Y?authuser=0&hl=en&rclk=1,https://lh3.googleusercontent.com/p/AF1QipOfLDqh32BKiQ6dolgWsxmjQUWtWWzPMH8Iz7gQ=w122-h92-k-no
Mel's Amazing cakes,Cake shop," · The Firs, Mill Ln",5.0,189,shops near me,2025-11-15 11:17:30.353958,https://www.google.com/maps/place/Mel%27s+Amazing+cakes/data=!4m7!3m6!1s0x487adb233c110ff7:0x983f3131711eee67!8m2!3d53.2129968!4d-3.0484867!16s%2Fg%2F12hmg6hkb!19sChIJ9w8RPCPbekgRZ-4ecTExP5g?authuser=0&hl=en&rclk=1,https://lh3.googleusercontent.com/p/AF1QipOeo0XOZ5YfkkW5wtA3vvtrSXR07qJ7qWhl6V4i=w80-h106-k-no
One Stop Community Stores Ltd,Convenience Store,Permanently closed,3.7,3,shops near me,2025-11-15 11:17:30.444135,https://www.google.com/maps/place/One+Stop+Community+Stores+Ltd/data=!4m7!3m6!1s0x487adaf16bce53c5:0xc11bd6fd5e70e29e!8m2!3d53.2152409!4d-3.0482039!16s%2Fg%2F1td1_t3f!19sChIJxVPOa_HaekgRnuJwXv3WG8E?authuser=0&hl=en&rclk=1,https://lh3.googleusercontent.com/gps-cs-s/AG0ilSzGcFrLB0uL74V0RASWAVU-7rrHr4tB2IzDO_2NvlTcqI21GJ3TvY_nq4qKfIMLBqMi5ABbVRUiIDCsSGhZEB3JT5Ac5M9Pb44AIG1_TEen553OT36k1s_qtiTMYk3BrKLjCQnl=w123-h92-k-no
Quay Shopping Centre,Shopping Centre, · Ffordd Llanarth,4.1,947,shops near me,2025-11-15 11:17:30.523803,https://www.google.com/maps/place/Quay+Shopping+Centre/data=!4m7!3m6!1s0x487ada840129be57:0x8980cdc3bf4675fa!8m2!3d53.2143635!4d-3.0741124!16s%2Fg%2F12hkc60j8!19sChIJV74pAYTaekgR-nVGv8PNgIk?authuser=0&hl=en&rclk=1,https://lh3.googleusercontent.com/gps-cs-s/AG0ilSyKn65L6cwaS8fs1FisXAIIYyF76m9_06jd2FYIdmeRT3x5QEwtc4onC5Hhv96LI_L6i-uEF1DFvvw-50ZbSWOOAMvX1OqEDjfB6oI6r4G-dLPADnemOLUfz2kYkAtSw5brdVhMmg=w162-h92-k-no
INSTANT CASH & BUY BACKS,Pawn shop, · 76 High St,4.6,18,shops near me,2025-11-15 11:17:30.619193,https://www.google.com/maps/place/INSTANT+CASH+%26+BUY+BACKS/data=!4m7!3m6!1s0x487adbecdfde027d:0x1dc90f373c244144!8m2!3d53.215538!4d-3.0478409!16s%2Fg%2F11pphb9w88!19sChIJfQLe3-zbekgRREEkPDcPyR0?authuser=0&hl=en&rclk=1,https://lh3.googleusercontent.com/p/AF1QipPvwDBxRwEyy5qj2tD3YPDIl2kwuAQCdPGTz-19=w92-h92-k-no
Pets at Home Queensferry,Pet Shop," · Deeside Retail Park, Chester Rd W",4.4,428,shops near me,2025-11-15 11:17:30.711123,https://www.google.com/maps/place/Pets+at+Home+Queensferry/data=!4m7!3m6!1s0x48762e10a72e787d:0xf70a0eb1fbc56cbf!8m2!3d53.209256!4d-3.030793!16s%2Fg%2F11_st3zws!19sChIJfXgupxAudkgRv2zF-7EOCvc?authuser=0&hl=en&rclk=1,https://lh3.googleusercontent.com/gps-cs-s/AG0ilSyh8r-C_xBRR4YhnApKVC4MAjA_KN5u1R5l0Ct5aSwO6zI31TacCU5xql0SAG4yxXG9PZEbxgQ684q9Gb6aYQ1qWqG-ejg0BrHu0ct3bM_z-rBero9XcviTo5hqNFUm6JTpV4GVnA=w122-h92-k-no
Wepre Pharmacy,Pharmacy, · Fron Rd,3.5,36,shops near me,2025-11-15 11:17:30.902098,https://www.google.com/maps/place/Wepre+Pharmacy/data=!4m7!3m6!1s0x487adaf100000001:0x5da09d4bcbe4cc0f!8m2!3d53.2150446!4d-3.0492211!16s%2Fg%2F11gcx_t816!19sChIJAQAAAPHaekgRD8zky0udoF0?authuser=0&hl=en&rclk=1,https://streetviewpixels-pa.googleapis.com/v1/thumbnail?panoid=jU4yAyg4WJ51N4WmtP6_MQ&cb_client=search.gws-prod.gps&w=80&h=92&yaw=88.22384&pitch=0&thumbfov=100
Odins Realm Custom Tattoos,Tattoo shop, · 104 Chester Rd W,4.7,14,shops near me,2025-11-15 11:17:31.004455,https://www.google.com/maps/place/Odins+Realm+Custom+Tattoos/data=!4m7!3m6!1s0x487adb453cf28a5b:0xc38c04169e19b9df!8m2!3d53.2139651!4d-3.0437554!16s%2Fg%2F11hz07cr42!19sChIJW4ryPEXbekgR37kZnhYEjMM?authuser=0&hl=en&rclk=1,https://lh3.googleusercontent.com/p/AF1QipN8bYA8QCIJ4ImDDOeEG4vmen4W_GhomvoW24xo=w163-h92-k-no
H A Crook (Pharmacy),Pharmacy, · 23-25 Chester Rd W,4.3,64,shops near me,2025-11-15 11:17:31.090702,https://www.google.com/maps/place/H+A+Crook+%28Pharmacy%29/data=!4m7!3m6!1s0x487adae4ca74761b:0x266b1a32a8e194b2!8m2!3d53.2115713!4d-3.0374794!16s%2Fg%2F1w6r7tf2!19sChIJG3Z0yuTaekgRspThqDIaayY?authuser=0&hl=en&rclk=1,https://lh3.googleusercontent.com/gps-cs-s/AG0ilSzVQQ6RQ2tu7Vk6dfghYLXT6HJoOxRlmDFuaqueTBb5dknkG-IhsS7HX0DBwl00jCxfERpEtE1Ea17QRGGZzv8InOsDlFCMT10FxGB_pFdTO0VgM_PuuTJ82d0Y9lN-8-smwIBe=w122-h92-k-no
Baby Scanning Boutique,Medical Diagnostic Imaging Centre, · 63 Chester Rd W,5.0,440,shops near me,2025-11-15 11:17:31.167810,https://www.google.com/maps/place/Baby+Scanning+Boutique/data=!4m7!3m6!1s0x487adbf3994afd95:0xaec239f4ec6e1c10!8m2!3d53.2132473!4d-3.0427093!16s%2Fg%2F11jxh6zn_d!19sChIJlf1KmfPbekgREBxu7PQ5wq4?authuser=0&hl=en&rclk=1,https://lh3.googleusercontent.com/p/AF1QipNxtyCKg9BZqvaptstlqUMeDxTlzLbA02xktmmB=w122-h92-k-no
Tatry Delicatessen,Shop, · 50-52 Station Rd,4.5,167,shops near me,2025-11-15 11:17:31.258562,https://www.google.com/maps/place/Tatry+Delicatessen/data=!4m7!3m6!1s0x487adb1ea985f6f9:0xf41e135f5ad7ff0a!8m2!3d53.2068518!4d-3.0221781!16s%2Fg%2F1tdvp8t9!19sChIJ-faFqR7bekgRCv_XWl8THvQ?authuser=0&hl=en&rclk=1,https://lh3.googleusercontent.com/gps-cs-s/AG0ilSxToNo3VhCCoE6x8F8erSx0U5zFvgOeAUaeH_cO2lXV9xJgUmHLmxyPMTKSbZ_2v3H9ilaJKI2xlwfniGnfjoTna0anDoM52j1WG0BhjL483tftaed7fOBZognghlgT9RzZ6DtbZQ=w122-h92-k-no
Morrisons,Supermarket, · Ffordd Llanarth,4.1,689,shops near me,2025-11-15 11:17:31.344898,https://www.google.com/maps/place/Morrisons/data=!4m7!3m6!1s0x487ada8456936599:0xe7f80a3c0fcd8746!8m2!3d53.21458!4d-3.073636!16s%2Fg%2F1hc2f7_3n!19sChIJmWWTVoTaekgRRofNDzwK-Oc?authuser=0&hl=en&rclk=1,https://lh3.googleusercontent.com/gps-cs-s/AG0ilSyY0pURkpcZgklqXSXrS-qx96X73dur0FAQyAiy6i7DV3h-5Y6-Mg-95SrEuYZ4musVnGp7FDn1pyUVR9owt1rNqkYinKHUkB3QkUzknG2KRrLuN1adQXtIVoCLy9snJFf9hl22=w163-h92-k-no
WillPrint,Printing shop," · Industrial Estate, 32 Dock Rd",5.0,9,shops near me,2025-11-15 11:17:31.442194,https://www.google.com/maps/place/WillPrint/data=!4m7!3m6!1s0x487adaf5136c0967:0xcbf2111bcc00dca6!8m2!3d53.2170885!4d-3.046905!16s%2Fg%2F1v8y3ktt!19sChIJZwlsE_XaekgRptwAzBsR8ss?authuser=0&hl=en&rclk=1,https://lh3.googleusercontent.com/p/AF1QipNgAcvrESzjwWFDxJZbdG0qoj-PNAXvzAzafbfG=w175-h92-k-no
"Quay Carpets - Chester, Wrexham & Flintshire",Carpet Retail Shop, · 79 Chester Rd W,4.5,25,shops near me,2025-11-15 11:17:31.538991,"https://www.google.com/maps/place/Quay+Carpets+-+Chester,+Wrexham+%26+Flintshire/data=!4m7!3m6!1s0x487adaf0707e1f4f:0xd70941bc79c3fd13!8m2!3d53.2133274!4d-3.0426539!16s%2Fg%2F1tc_w3tt!19sChIJTx9-cPDaekgRE_3DebxBCdc?authuser=0&hl=en&rclk=1",https://lh3.googleusercontent.com/gps-cs-s/AG0ilSxvDdQcljNGhm1WQGJ8dIxWfeOMlumODOhTBqygzVzrmt0CZiGe41L80DJ7qf-vwlbQhUP0kC3yKN1nlRUk8EvaF1g0s7NpE5-4JHOANnwKsQQbGLeuzO6Poc-B0Jj9QllsSW98=w122-h92-k-no
Dir3ctor,Musician,07735 042799,0.0,0,shops near me,2025-11-15 11:17:31.614817,https://www.google.com/maps/place/Dir3ctor/data=!4m7!3m6!1s0x487adafb48433dad:0x66f5cef3b238bb90!8m2!3d53.2123232!4d-3.0375166!16s%2Fg%2F11bycf4p4b!19sChIJrT1DSPvaekgRkLs4svPO9WY?authuser=0&hl=en&rclk=1,https://streetviewpixels-pa.googleapis.com/v1/thumbnail?panoid=v8y30-VlI2_QHKBP33Evng&cb_client=search.gws-prod.gps&w=80&h=92&yaw=95.14259&pitch=0&thumbfov=100
Morrisons Daily,Convenience Store," · Units 4, Red Hall Estate, 5 Red Hall Precinct",4.2,41,shops near me,2025-11-15 11:17:31.712179,https://www.google.com/maps/place/Morrisons+Daily/data=!4m7!3m6!1s0x487ada893293781b:0x96a36a08b384fe9a!8m2!3d53.21654!4d-3.06516!16s%2Fg%2F1pxq7w3q_!19sChIJG3iTMonaekgRmv6Eswhqo5Y?authuser=0&hl=en&rclk=1,https://lh3.googleusercontent.com/gps-cs-s/AG0ilSxw4u5dnEnOOEByakc39MoNWGkQcZO4LQvPxUSxVI1alDRvz49e33BDhZnQ-FODA3RDkThsZpp1nOgFriOmqwj6SbpMDJllPnYeguQrPLkV4D-mrS4bfJCZsvb91bO6Cq8_YOc=w126-h92-k-no
SBM Catering,Appliance Shop, · 07397 832130,0.0,0,shops near me,2025-11-15 11:17:31.802517,https://www.google.com/maps/place/SBM+Catering/data=!4m7!3m6!1s0x487adb066825f6b3:0xb63c26ece3095e06!8m2!3d53.2131723!4d-3.0422065!16s%2Fg%2F11y853fll_!19sChIJs_YlaAbbekgRBl4J4-wmPLY?authuser=0&hl=en&rclk=1,https://lh3.googleusercontent.com/p/AF1QipOXGgD886RFQTJeqMUdj7NeHqp2jh5LLsgt1LUJ=w217-h92-k-no
Aspect View Blinds & Carpets,Blinds shop, · 9 Chester Rd W,4.9,21,shops near me,2025-11-15 11:17:31.912324,https://www.google.com/maps/place/Aspect+View+Blinds+%26+Carpets/data=!4m7!3m6!1s0x487adae4c9a6a35f:0x608ce91cdbc631c2!8m2!3d53.2118887!4d-3.0383698!16s%2Fg%2F1t_kg1dt!19sChIJX6OmyeTaekgRwjHG2xzpjGA?authuser=0&hl=en&rclk=1,https://lh3.googleusercontent.com/gps-cs-s/AG0ilSzutkZnHJm_vHlhjo3z8v_t_sZ4-9TgoMJtFYos3yOWOjaZoInpf7uoPe2aihYKhQGWSSQiUtQK1iH4AhGqkB43i17wv-rC9c748igRYx29PJ1LHrc5uR6hO1-PsPZtkDBSTgI=w122-h92-k-no
Glowquest Ltd,Homewares Shop, · 84A High St,4.7,18,shops near me,2025-11-15 11:17:32.003106,https://www.google.com/maps/place/Glowquest+Ltd/data=!4m7!3m6!1s0x487adaf1159f4b1b:0x4dbb6cfddc7c7fd9!8m2!3d53.2156798!4d-3.0482819!16s%2Fg%2F1tgp0bb8!19sChIJG0ufFfHaekgR2X983P1su00?authuser=0&hl=en&rclk=1,https://lh3.googleusercontent.com/p/AF1QipN6q0YAAre4KMYxy7WaRx5MLo4uHRlHfbbZ5UDN=w116-h92-k-no
G&R Newsagents,Newsagent," · The Clwyd, 294 High St",4.2,66,shops near me,2025-11-15 11:17:32.094757,https://www.google.com/maps/place/G%26R+Newsagents/data=!4m7!3m6!1s0x487ada8ad9ed57ad:0x10c42809c8483f11!8m2!3d53.2193314!4d-3.0569892!16s%2Fg%2F1hc0wtzcy!19sChIJrVft2YraekgRET9IyAkoxBA?authuser=0&hl=en&rclk=1,https://lh3.googleusercontent.com/gps-cs-s/AG0ilSw5GHhVDg1k34tIxgwNsLGBPTu6XGcB45eoUeVoi1bEjwsLbg5eUkIqV7bADjODtQ6Wvd3V5TylTcEz_TbqwCbgtrUmGOObOe5okKTe0aPGoJH6ZXgnVeKcDphSz988hyJJxgjY=w122-h92-k-no
Uk Car Collections,Used car dealer, · 22 Chester Rd W,5.0,1,shops near me,2025-11-15 11:17:32.178947,https://www.google.com/maps/place/Uk+Car+Collections/data=!4m7!3m6!1s0x487ac4c04d9b6ef1:0x8f6fb4b6f07fc8a!8m2!3d53.211359!4d-3.0378742!16s%2Fg%2F1th0mfbx!19sChIJ8W6bTcDEekgRivwHb0v79gg?authuser=0&hl=en&rclk=1,https://lh3.googleusercontent.com/p/AF1QipPJ6M8lZbIvNNfcVxNvqwmVrWkAozkeG6bTPPDW=w122-h92-k-no
Queensferry Sports,Sporting Goods Shop, · 18 Station Rd,4.5,82,shops near me,2025-11-15 11:17:32.264551,https://www.google.com/maps/place/Queensferry+Sports/data=!4m7!3m6!1s0x487adb1ea2e83211:0xa52b01ee9993ab37!8m2!3d53.2062535!4d-3.0233167!16s%2Fg%2F1wfcnpfj!19sChIJETLooh7bekgRN6uTme4BK6U?authuser=0&hl=en&rclk=1,https://lh3.googleusercontent.com/p/AF1QipO3WHJeuZ75A8pWOnVU0sxWB0t0N7y2C4ngH9BC=w154-h92-k-no
Co-op Food - Ewloe - The Highway,Convenience Store," · Road, The Highway Chester",4.3,41,shops near me,2025-11-15 11:17:32.357080,https://www.google.com/maps/place/Co-op+Food+-+Ewloe+-+The+Highway/data=!4m7!3m6!1s0x487ac53b370b7a9d:0x31796cc310c0f7d9!8m2!3d53.1904752!4d-3.047112!16s%2Fg%2F1thggknk!19sChIJnXoLNzvFekgR2ffAEMNseTE?authuser=0&hl=en&rclk=1,https://lh3.googleusercontent.com/gps-cs-s/AG0ilSzygXi56CztjZ8PPKmBEMpxc72_fcZiVFVZGe0gvLzKqNsAKtB_Oun5bsnSv86wOKMNIhCimxcrNXrvqnCmVlBbWvAciPApMPhfpiXOXPTRi1wbKlzCscI9C-71TQa9jdQpWLtHHQ=w145-h92-k-no
Co-op Food - Queensferry - Chester Road,Convenience Store," · Queensferry, Chester Rd",3.9,30,shops near me,2025-11-15 11:17:32.443113,https://www.google.com/maps/place/Co-op+Food+-+Queensferry+-+Chester+Road/data=!4m7!3m6!1s0x487adb3f97ac1e4d:0xe6c1751894789e!8m2!3d53.1996736!4d-3.0102999!16s%2Fg%2F11rgz_cqwr!19sChIJTR6slz_bekgRnniUGHXB5gA?authuser=0&hl=en&rclk=1,https://lh3.googleusercontent.com/gps-cs-s/AG0ilSz2cghGMVAtbdcltosDm6a3_l7rM4OmWa8vl8pqJFMWGzcTSEHpsXrAgBie9Noa7iZaMOTfDXVcnUYRRugNNflU_r4wn71dNIEwzi-IR9fs2n76gN4a9oimfMO_oki7MooecZKb=w80-h106-k-no
Luxor Furnishings,Home Furniture Shop, · 142 High St,0.0,0,shops near me,2025-11-15 11:17:32.525689,https://www.google.com/maps/place/Luxor+Furnishings/data=!4m7!3m6!1s0x487adb46d071d25b:0xba86c96699993b97!8m2!3d53.2167379!4d-3.0506492!16s%2Fg%2F11v3npph5g!19sChIJW9Jx0EbbekgRlzuZmWbJhro?authuser=0&hl=en&rclk=1,https://lh3.googleusercontent.com/p/AF1QipOd2IgInWiT4DEOCJsfZXoxymkjBwfFm0VlF5p7=w163-h92-k-no
Al's Skate Shop Deeside,Skate shop," · Leisure Centre, Chester Rd W",4.8,20,shops near me,2025-11-15 11:17:32.617277,https://www.google.com/maps/place/Al%27s+Skate+Shop+Deeside/data=!4m7!3m6!1s0x487adb43ba3d5717:0x7d8e7f78d4476431!8m2!3d53.2078526!4d-3.0271568!16s%2Fg%2F11tx5ztg9p!19sChIJF1c9ukPbekgRMWRH1Hh_jn0?authuser=0&hl=en&rclk=1,https://lh3.googleusercontent.com/p/AF1QipOa289oq36YCWu4VjoMQYaW9xzJm-cmgJfXY2xA=w122-h92-k-no
Max Spielmann,Photo lab, · Ashton Road,4.4,20,shops near me,2025-11-15 11:17:32.719307,https://www.google.com/maps/place/Max+Spielmann/data=!4m7!3m6!1s0x487adae082af0905:0xb2d88ddf2659197c!8m2!3d53.2048774!4d-3.0288187!16s%2Fg%2F11g03dql65!19sChIJBQmvguDaekgRfBlZJt-N2LI?authuser=0&hl=en&rclk=1,https://lh3.googleusercontent.com/p/AF1QipOIYb8Wwuu2Gie4bjYLn28j6uclU10HjmxsI_j5=w163-h92-k-no
InPost Locker,Shop, · 0330 335 0950,3.0,1,shops near me,2025-11-15 11:17:32.815440,https://www.google.com/maps/place/InPost+Locker/data=!4m7!3m6!1s0x487adb7ec09bb31d:0x93051500dc682ff2!8m2!3d53.21045!4d-3.05556!16s%2Fg%2F11l72383g9!19sChIJHbObwH7bekgR8i9o3AAVBZM?authuser=0&hl=en&rclk=1,https://streetviewpixels-pa.googleapis.com/v1/thumbnail?panoid=CVkWSJfLxYCpgJH5shpNnQ&cb_client=search.gws-prod.gps&w=80&h=92&yaw=4.5672193&pitch=0&thumbfov=100
Vapestorm Ltd,Vaporiser Shop, · 07956 792033,4.6,47,shops near me,2025-11-15 11:17:32.917683,https://www.google.com/maps/place/Vapestorm+Ltd/data=!4m7!3m6!1s0x487ada84e9a1a787:0xcdccbcb3dab25b68!8m2!3d53.2048214!4d-3.0380838!16s%2Fg%2F11j4swbd07!19sChIJh6eh6YTaekgRaFuy2rO8zM0?authuser=0&hl=en&rclk=1,https://streetviewpixels-pa.googleapis.com/v1/thumbnail?panoid=cn8khwE2mjty2M53eadR6A&cb_client=search.gws-prod.gps&w=80&h=92&yaw=311.83932&pitch=0&thumbfov=100
Iron Dragon Tattoos,Tattoo shop, · 116 High St,5.0,7,shops near me,2025-11-15 11:17:33.016654,https://www.google.com/maps/place/Iron+Dragon+Tattoos/data=!4m7!3m6!1s0x487adaf158003f83:0x5045b5307795d37f!8m2!3d53.2163315!4d-3.0498128!16s%2Fg%2F12mjyh5tf!19sChIJgz8AWPHaekgRf9OVdzC1RVA?authuser=0&hl=en&rclk=1,https://lh3.googleusercontent.com/gps-cs-s/AG0ilSzgJFHmQX1GZ0qFgSCCWEum7JOwJdpY3aw52hgZc7JWaf83kgb70XTLJ20O9_F_-yfHreE4yBFTqfYhXAbnd7FGSg8DiZqj8EykxutvTcrsW4N_MSbGq1rPoSnFW8mAZdkLcG-W=w163-h92-k-no
SPAR Connahs Quay,Convenience Store, · 1 Golftyn Ln,3.4,10,shops near me,2025-11-15 11:17:33.102002,https://www.google.com/maps/place/SPAR+Connahs+Quay/data=!4m7!3m6!1s0x487ada7ddad6a43f:0x8dce898dbbd1d749!8m2!3d53.2249848!4d-3.073606!16s%2Fg%2F1tjyt4cn!19sChIJP6TW2n3aekgRSdfRu42Jzo0?authuser=0&hl=en&rclk=1,https://lh3.googleusercontent.com/gps-cs-s/AG0ilSw-CdnaZFY5FMZ8AAZCPovdXII8WbfUf9j27_AvlZ5VdkRL8ozja-PLjqnt26PV1FvLFnEU6vRBVuxcTuilSR1Au55qG_PhyjwuHuJttO_p5dknXfg7Cdsei27kUWSgd3Usbsiv=w124-h92-k-no
Purple Moon Tattoos,Tattoo shop, · 78 High St,4.9,52,shops near me,2025-11-15 11:17:33.191960,https://www.google.com/maps/place/Purple+Moon+Tattoos/data=!4m7!3m6!1s0x487adafa965de1cb:0x74f0f4cdd1cf7748!8m2!3d53.2155576!4d-3.0478969!16s%2Fg%2F1hc2v7ysb!19sChIJy-FdlvraekgRSHfP0c308HQ?authuser=0&hl=en&rclk=1,https://lh3.googleusercontent.com/gps-cs-s/AG0ilSzUhAZ05B2hl0VV-hCuvw76_gPBYidaY_d6AdHF7dX0aCXGSPHrG_B4idsqk-zjELoZdI5rY8J66YyokicyXLp1NUj2vM5QtVgXw2qvD4UnBaLBdAEDLqrK4pfVOLqovXQ4UsIC=w80-h116-k-no
Deeside Motor Centre,Used car dealer, · 266-268 High St,4.7,316,shops near me,2025-11-15 11:17:33.286562,https://www.google.com/maps/place/Deeside+Motor+Centre/data=!4m7!3m6!1s0x487adaf4d09a15bb:0x44f8781f89612a50!8m2!3d53.2188428!4d-3.0555907!16s%2Fg%2F1tgyw79y!19sChIJuxWa0PTaekgRUCphiR94-EQ?authuser=0&hl=en&rclk=1,https://lh3.googleusercontent.com/p/AF1QipMdpBTbzDXXd6Xsv3EXHKe1nq-Mr_OCuQ_1A3vs=w122-h92-k-no
MnS Late Shop,Convenience Store," · 1 Standwell House, Holywell Rd",2.6,25,shops near me,2025-11-15 11:17:33.385647,https://www.google.com/maps/place/MnS+Late+Shop/data=!4m7!3m6!1s0x487adab8f40e2f25:0xf7f3934f95c6b990!8m2!3d53.192716!4d-3.0556476!16s%2Fg%2F12h_z_tt6!19sChIJJS8O9LjaekgRkLnGlU-T8_c?authuser=0&hl=en&rclk=1,https://lh3.googleusercontent.com/gps-cs-s/AG0ilSxZlNJ1-nzB0IskMWvZ63_lKPX2bQGYgMOKnrFPkKHrJ3MCD1Zpdne5lyYwjakAL5--CPwCFMaivgs3rRW_X7-sqFT0wDu0PPApFajN_ebhBiPLwYZqfKChjO1NY3d0qsdrQLD1=w80-h162-k-no
Co-op Food - Ewloe - St Davids Park,Convenience Store, · St David's Park,4.3,26,shops near me,2025-11-15 11:17:33.475427,https://www.google.com/maps/place/Co-op+Food+-+Ewloe+-+St+Davids+Park/data=!4m7!3m6!1s0x487adab6db8443cf:0xa44844ea722e3cdb!8m2!3d53.1865155!4d-3.058444!16s%2Fg%2F11d_x2p0z3!19sChIJz0OE27baekgR2zwucupESKQ?authuser=0&hl=en&rclk=1,https://lh3.googleusercontent.com/gps-cs-s/AG0ilSyCbrHBbcmiNwefy6J6HkM4bD5RAdGBBmx0IcKlq2CJ5hAAbuuNbxD3HcF2c9V6mRQUAhmNDhggIW-Wxssv0TNGB0NOwbF79P30FVmGYOb6aqXSpO9qbVEOsoFN6stYjr0QRHJmDQ=w122-h92-k-no
Budgens Pentre,Convenience Store," · Budgens, Chester Rd",4.8,16,shops near me,2025-11-15 11:17:33.568580,https://www.google.com/maps/place/Budgens+Pentre/data=!4m7!3m6!1s0x487adb003eaa052b:0x4917c5614b56c8b6!8m2!3d53.1996327!4d-3.0103082!16s%2Fg%2F11ldszk164!19sChIJKwWqPgDbekgRtshWS2HFF0k?authuser=0&hl=en&rclk=1,https://lh3.googleusercontent.com/gps-cs-s/AG0ilSyBWNkDQGiNKemr7N2wKqJT4-OJ8TtoWhVbujFjrP8tYuj3er5el4DyhwG7QWlIX5FOCs2ynd4qXfi2gI3NxGg9f72f9eOLjbx6YKWWq7HG9dYOb4gI2hnfviuXEK4dqZDvKAh1kXyXiEv9=w122-h92-k-no
Brown's Furniture,Home Furniture Shop, · 319 High St,4.8,147,shops near me,2025-11-15 11:17:33.667380,https://www.google.com/maps/place/Brown%27s+Furniture/data=!4m7!3m6!1s0x487ada8adee5ec29:0x2c7315b182c35a52!8m2!3d53.2194426!4d-3.0579491!16s%2Fg%2F1tdy_hf3!19sChIJKezl3oraekgRUlrDgrEVcyw?authuser=0&hl=en&rclk=1,https://lh3.googleusercontent.com/gps-cs-s/AG0ilSwJxsfldEVXJp8YvNcgx2uHtsEzHSML-vu_W_YSJX_HCf01YyGnwFpkHpNDD5FojKYqtsYkfAmM8EH8_5JsRSHRE1tfp5U1Pg6RODTqvZKHG88aHXW4p0brfL47RjPFZwG4OArd=w131-h92-k-no
Get Cash Quick Pawnbrokers & Gold Shop,Pawn shop, · 60 Station Rd,4.6,52,shops near me,2025-11-15 11:17:33.770665,https://www.google.com/maps/place/Get+Cash+Quick+Pawnbrokers+%26+Gold+Shop/data=!4m7!3m6!1s0x487adb1bf8cafc4b:0xd555430b6bfc428e!8m2!3d53.2070637!4d-3.022093!16s%2Fg%2F1td71jpv!19sChIJS_zK-BvbekgRjkL8awtDVdU?authuser=0&hl=en&rclk=1,https://lh3.googleusercontent.com/gps-cs-s/AG0ilSzddUl6zaIDkMf5nJYhuHrLZ-YhkSVCMzefKkn0KYxTQz_s2dk37csop9Rh3ZnH_UenPNy92PCDweydHPQRKsIGEsgQekNvj9cUvml7hCpjrcpcpZITo0KYj1Sn9TdzOR9atK1_=w122-h92-k-no
Ladybird Vapours & CBD store Queensferry,Vaporiser Shop, · 35 Station Rd,4.4,20,shops near me,2025-11-15 11:17:33.873892,https://www.google.com/maps/place/Ladybird+Vapours+%26+CBD+store+Queensferry/data=!4m7!3m6!1s0x487adb1c0282e611:0xd8921b3c70271379!8m2!3d53.2069335!4d-3.0228141!16s%2Fg%2F11cn9zb2zd!19sChIJEeaCAhzbekgReRMncDwbktg?authuser=0&hl=en&rclk=1,https://lh3.googleusercontent.com/gps-cs-s/AG0ilSwcWd3zbWjvjuZfWcSwIQvLYJvVBcCTkQ-NdefqSKr5erqmKbaCMFW-QLw2sxCI197Ak4_qaHPiI_GMOy91N-Aj_b6Uk_ZRe5TK3dIfv8KNBOMPZ5RWBM3OdtBOJfG_wSaoWusmZQ=w122-h92-k-no
The Old Bank Cafe,Coffee shop, · 10A Station Rd,4.8,180,shops near me,2025-11-15 11:17:33.972427,https://www.google.com/maps/place/The+Old+Bank+Cafe/data=!4m7!3m6!1s0x487adb221bf37487:0xa6f1e1d296dcdddf!8m2!3d53.2060626!4d-3.0236344!16s%2Fg%2F11nmnkwy8r!19sChIJh3TzGyLbekgR393cltLh8aY?authuser=0&hl=en&rclk=1,https://lh3.googleusercontent.com/gps-cs-s/AG0ilSxeISxNhAhkiSsNtr3vabO9QuZMasC-cAvWHL_dUipumyNXgQI3KneGt8vCHGeqUhimiMUYWo0bf-El4jPZM24-Zwe3BrF8KOhc9F3EeiYqKMo4D7LeBFcoOvq1nDsDl0lV72Cv5A=w199-h92-k-no
Level Stores,Convenience Store, · Level Rd,3.7,10,shops near me,2025-11-15 11:17:34.070190,https://www.google.com/maps/place/Level+Stores/data=!4m7!3m6!1s0x487adaca15e241cf:0xba537ad4bc46242d!8m2!3d53.1807777!4d-3.054961!16s%2Fg%2F1hc10k9yn!19sChIJz0HiFcraekgRLSRGvNR6U7o?authuser=0&hl=en&rclk=1,https://streetviewpixels-pa.googleapis.com/v1/thumbnail?panoid=ZQAUbt2ycF5iYTX9UuL0Rg&cb_client=search.gws-prod.gps&w=80&h=92&yaw=190.89124&pitch=0&thumbfov=100
Rowlands Pharmacy Queensferry,Pharmacy, · 19 Station Rd,4.2,43,shops near me,2025-11-15 11:17:34.157202,https://www.google.com/maps/place/Rowlands+Pharmacy+Queensferry/data=!4m7!3m6!1s0x487adb1ea145453f:0x880e4eb243b5effe!8m2!3d53.2065101!4d-3.0235056!16s%2Fg%2F11bv2lv_zr!19sChIJP0VFoR7bekgR_u-1Q7JODog?authuser=0&hl=en&rclk=1,https://lh3.googleusercontent.com/gps-cs-s/AG0ilSw1dizI1mw98rb_-yCN2JbDdhbTcXooAhdVlFVD9IsJDovLklaVvKUCElvL8YzGJEJ0cJvaVNyReXwzYFm8kXzn0iMD-urpFbkuRiqySVCpIzJYmyKbwha7JD7sZ-njoJhY9zIj=w122-h92-k-no
Jubilee Garage,MOT Centre," · 8, Evans Way",4.4,64,shops near me,2025-11-15 11:17:34.228195,https://www.google.com/maps/place/Jubilee+Garage/data=!4m7!3m6!1s0x487adae290c92dcb:0xae359a43cae51866!8m2!3d53.210912!4d-3.032469!16s%2Fg%2F1td5wpvg!19sChIJyy3JkOLaekgRZhjlykOaNa4?authuser=0&hl=en&rclk=1,https://lh3.googleusercontent.com/p/AF1QipNZRYxSU03KzkIPCBwgox4pYa8EEwAHDkzHH2Ms=w138-h92-k-no
Trakspares,Motorbike parts shop, · 242 High St,4.8,54,shops near me,2025-11-15 11:17:34.314764,https://www.google.com/maps/place/Trakspares/data=!4m7!3m6!1s0x487adaf4f2b8cde3:0xddc9748014eba1aa!8m2!3d53.2181145!4d-3.0540998!16s%2Fg%2F1tl9m37k!19sChIJ48248vTaekgRqqHrFIB0yd0?authuser=0&hl=en&rclk=1,https://lh3.googleusercontent.com/gps-cs-s/AG0ilSwTA3MHbNG6WW-OnyOP63Tkgiplf5f7kd3usQz5yUe3wDXh9hDsxIERYcBC4DUxsoKmB2CwaxVpzOPlrd8jRMANu5gf13Vt9BQrxytrZE6Szq3J8rvsnIgIaNvnbJixXXp0Bvmyhw=w122-h92-k-no
Vape Shop,Vaporiser Shop, · Station Rd,0.0,0,shops near me,2025-11-15 11:17:34.374749,https://www.google.com/maps/place/Vape+Shop/data=!4m7!3m6!1s0x487adb1ea774aedb:0xfedd9589ee81975d!8m2!3d53.2066518!4d-3.0232579!16s%2Fg%2F11gxxgc9px!19sChIJ2650px7bekgRXZeB7omV3f4?authuser=0&hl=en&rclk=1,https://streetviewpixels-pa.googleapis.com/v1/thumbnail?panoid=qQwYqaWNiTnwvsC2iND1kA&cb_client=search.gws-prod.gps&w=80&h=92&yaw=248.67673&pitch=0&thumbfov=100
Vape Shop,Vaporiser Shop, · Station Rd,0.0,0,shops near me,2025-11-15 11:17:34.441979,https://www.google.com/maps/place/Vape+Shop/data=!4m7!3m6!1s0x487adb1ea774aedb:0xfedd9589ee81975d!8m2!3d53.2066518!4d-3.0232579!16s%2Fg%2F11gxxgc9px!19sChIJ2650px7bekgRXZeB7omV3f4?authuser=0&hl=en&rclk=1,https://streetviewpixels-pa.googleapis.com/v1/thumbnail?panoid=qQwYqaWNiTnwvsC2iND1kA&cb_client=search.gws-prod.gps&w=80&h=92&yaw=248.67673&pitch=0&thumbfov=100
Trakspares,Motorbike parts shop, · 242 High St,4.8,54,shops near me,2025-11-15 11:17:34.540152,https://www.google.com/maps/place/Trakspares/data=!4m7!3m6!1s0x487adaf4f2b8cde3:0xddc9748014eba1aa!8m2!3d53.2181145!4d-3.0540998!16s%2Fg%2F1tl9m37k!19sChIJ48248vTaekgRqqHrFIB0yd0?authuser=0&hl=en&rclk=1,https://lh3.googleusercontent.com/gps-cs-s/AG0ilSwTA3MHbNG6WW-OnyOP63Tkgiplf5f7kd3usQz5yUe3wDXh9hDsxIERYcBC4DUxsoKmB2CwaxVpzOPlrd8jRMANu5gf13Vt9BQrxytrZE6Szq3J8rvsnIgIaNvnbJixXXp0Bvmyhw=w122-h92-k-no
Pups and Pets,Pet Shop," · Trade Park, 2A Interlinq",4.7,391,shops near me,2025-11-15 11:17:34.634389,https://www.google.com/maps/place/Pups+and+Pets/data=!4m7!3m6!1s0x487adb3881f89731:0xe0926d0453679915!8m2!3d53.2043682!4d-3.0172367!16s%2Fg%2F11y2z2ky7!19sChIJMZf4gTjbekgRFZlnUwRtkuA?authuser=0&hl=en&rclk=1,https://lh3.googleusercontent.com/p/AF1QipNcald3JgZDkE-UA7y3HdciUUTDeHBFsvBu6tuL=w163-h92-k-no
The Little Dress Co.,Bridal shop, · Chester Rd W,5.0,13,shops near me,2025-11-15 11:17:34.731246,https://www.google.com/maps/place/The+Little+Dress+Co./data=!4m7!3m6!1s0x487adbc7308f0449:0x4babe60588f54fd9!8m2!3d53.2061682!4d-3.0246521!16s%2Fg%2F11y43042d6!19sChIJSQSPMMfbekgR2U_1iAXmq0s?authuser=0&hl=en&rclk=1,https://lh3.googleusercontent.com/p/AF1QipMiuuxVzlOlW51KxeYOh7Bz83IUtxsPPOAzt4cD=w92-h92-k-no
Absolute Comfort Furniture,Home Furniture Shop," · The Cross, Mold Rd",4.7,71,shops near me,2025-11-15 11:17:34.814230,https://www.google.com/maps/place/Absolute+Comfort+Furniture/data=!4m7!3m6!1s0x487adb1e8d5a40f3:0xcb954bb3d5e8b75e!8m2!3d53.2053557!4d-3.0244417!16s%2Fg%2F12hpkbmsv!19sChIJ80BajR7bekgRXrfo1bNLlcs?authuser=0&hl=en&rclk=1,https://lh3.googleusercontent.com/gps-cs-s/AG0ilSxLfj0aC6hEHCdWPB-FcgYsl4T4sItRyGDy3HHX97YcSsP7UVH35vy7h02nTclURiGaaUykuad6Um5ZTRZf6kearSvWRvUqo5NVYq6vUEsYmzizyuTOae8oYi21gRp5WfE2RK24=w122-h92-k-no
Liquid Sugar,Costume shop, · 1 Arnold Grove,0.0,0,shops near me,2025-11-15 11:17:34.896872,https://www.google.com/maps/place/Liquid+Sugar/data=!4m7!3m6!1s0x487ada8b4fc2b3af:0x1b250ffedfb4792d!8m2!3d53.2173551!4d-3.0571116!16s%2Fg%2F1trxd73m!19sChIJr7PCT4vaekgRLXm03_4PJRs?authuser=0&hl=en&rclk=1,https://streetviewpixels-pa.googleapis.com/v1/thumbnail?panoid=hiZOWRJVxUH3M2STb6dPxA&cb_client=search.gws-prod.gps&w=80&h=92&yaw=305.26077&pitch=0&thumbfov=100
Premier,Convenience Store,Grocery pitstop with discount products,4.4,46,shops near me,2025-11-15 11:17:35.031622,https://www.google.com/maps/place/Premier/data=!4m7!3m6!1s0x487ad028122c5441:0x143b1fa20a6d6aeb!8m2!3d53.2023696!4d-3.0984482!16s%2Fg%2F1hc3b3rtv!19sChIJQVQsEijQekgR62ptCqIfOxQ?authuser=0&hl=en&rclk=1,https://lh3.googleusercontent.com/gps-cs-s/AG0ilSwbv0L_bi7PSAjJiWWew2YplL55bRPMxbl7p5mAar2pKTPrKszDFL6dEeE5oupdCZ0jR2Zeoe1oRyvp4CAoH94TFnB4sRf--L-nDJvy7ws99tBieny94akU6Sc-RXOpadXwiHQ9=w80-h142-k-no
Coast Road Furniture,Home Furniture Shop, · Church St,4.6,125,shops near me,2025-11-15 11:17:35.149298,https://www.google.com/maps/place/Coast+Road+Furniture/data=!4m7!3m6!1s0x487ada7cd5548d21:0xc51244067b3a2e49!8m2!3d53.224345!4d-3.070472!16s%2Fg%2F1tflxf99!19sChIJIY1U1XzaekgRSS46ewZEEsU?authuser=0&hl=en&rclk=1,https://lh3.googleusercontent.com/p/AF1QipMGR9RHTV51_TKRjtorI8qMaOGjvT4Qs4vm8HHJ=w163-h92-k-no
DMW Northwest Limited,Car dealer, · 108 Chester Rd W,4.8,102,shops near me,2025-11-15 11:17:35.255323,https://www.google.com/maps/place/DMW+Northwest+Limited/data=!4m7!3m6!1s0x487adae3080fb4eb:0xf4ae0b937d34495d!8m2!3d53.209128!4d-3.033822!16s%2Fg%2F1tk6vfy0!19sChIJ67QPCOPaekgRXUk0fZMLrvQ?authuser=0&hl=en&rclk=1,https://lh3.googleusercontent.com/p/AF1QipPWrQICw34pD6fWvW8RhVCes2_JeL0y1YViAcBK=w80-h106-k-no
The E-Cig & CBD Store Connah's Quay,Vaporiser Shop, · Quay Shopping Centre,4.7,89,shops near me,2025-11-15 11:17:35.505804,https://www.google.com/maps/place/The+E-Cig+%26+CBD+Store+Connah%27s+Quay/data=!4m7!3m6!1s0x487adbe2e9fd8f9d:0x8bf65ac8609d02eb!8m2!3d53.2145533!4d-3.0750148!16s%2Fg%2F11ppdkgd87!19sChIJnY_96eLbekgR6wKdYMha9os?authuser=0&hl=en&rclk=1,https://lh3.googleusercontent.com/gps-cs-s/AG0ilSxVXGJeFTwn3K932alGeqE56NxeAmSC3s8KnZOKRZ5m42UCKg7Rs4BFyw-lYQO7WeGmbHEVkDORbDGIdgdcJAkaht80tDCeqhsHt7oozXsSLbFasQpHiiWqMvto5miQfeP-b5Rk=w122-h92-k-no
M C Supplies,Hardware Shop, · 267 High St,5.0,12,shops near me,2025-11-15 11:17:35.632627,https://www.google.com/maps/place/M+C+Supplies/data=!4m7!3m6!1s0x487adaf4d031bba7:0x45018b25dce365ef!8m2!3d53.2187192!4d-3.0559817!16s%2Fg%2F1tlgxh3g!19sChIJp7sx0PTaekgR72Xj3CWLAUU?authuser=0&hl=en&rclk=1,https://lh3.googleusercontent.com/gps-cs-s/AG0ilSy4MXDotDdWbQ1l-CE1RLVjUYNBBMKcZTXxm5M2VnZ0GU7lAUgOx4CdncXereEWeQ4KtxRAfHbHVc2NNaZ2vUVEuHJr9GDkc5WltdfVycVpf4vSIMjC1EPiMhLktO3oak-8-cF1=w122-h92-k-no
Old Hall Café,Coffee shop, · Wepre Park,3.1,9,shops near me,2025-11-15 11:17:35.747155,https://www.google.com/maps/place/Old+Hall+Caf%C3%A9/data=!4m7!3m6!1s0x487adb003d4f8d67:0x90ef2128a6ecc15b!8m2!3d53.2064504!4d-3.0577159!16s%2Fg%2F11lz2s34j4!19sChIJZ41PPQDbekgRW8Hspigh75A?authuser=0&hl=en&rclk=1,https://lh3.googleusercontent.com/gps-cs-s/AG0ilSzT-YczZyLA8bP-PxvPR1pI4ljr7zINofsmWiTH--LMqKHaa9h6pic5LAnVKMpZIywm_OJKlYUjreDXMpZTtV7SwS8w9xzoh-Z3k9WkyQ6Cu-ByKMr5Ln23HE7qMILdRUXp-PEajfLR2hf6=w80-h106-k-no
Checkpoint Service Centre,Vehicle Repair," · The Cross, Station Rd",4.5,286,shops near me,2025-11-15 11:17:35.861869,https://www.google.com/maps/place/Checkpoint+Service+Centre/data=!4m7!3m6!1s0x487adb1c1d332e75:0x6f9ec9a2208d90a2!8m2!3d53.2056283!4d-3.0243224!16s%2Fg%2F1tg4wck6!19sChIJdS4zHRzbekgRopCNIKLJnm8?authuser=0&hl=en&rclk=1,https://lh3.googleusercontent.com/gps-cs-s/AG0ilSwxnk8Dt7uacY8fITx2NdIJFZ4vi2qWWBFoRyT0NmDibelSIHMq59a5z4_4lk_BiInUFCIH5xUK54392YkwY4yPLvGUkWJnbe_yMDOtKFkHumtdHsuMx6XsXap3x0kyps7RBsu85Q=w163-h92-k-no
Quay Food & Wine,Shop,,0.0,0,shops near me,2025-11-15 11:17:35.986036,https://www.google.com/maps/place/Quay+Food+%26+Wine/data=!4m7!3m6!1s0x487ada6272d35bf3:0x16f3b61ba9ac3314!8m2!3d53.2223497!4d-3.0652167!16s%2Fg%2F11s6q_v51l!19sChIJ81vTcmLaekgRFDOsqRu28xY?authuser=0&hl=en&rclk=1,https://streetviewpixels-pa.googleapis.com/v1/thumbnail?panoid=JRfhOI6eUyzmKEzYGo2G7Q&cb_client=search.gws-prod.gps&w=80&h=92&yaw=22.769236&pitch=0&thumbfov=100
InPost Shop,Shop,Temporarily closed,0.0,0,shops near me,2025-11-15 11:17:36.165598,https://www.google.com/maps/place/InPost+Shop/data=!4m7!3m6!1s0x487adb8145b1ce7d:0xb031ea976c55f7!8m2!3d53.2104404!4d-3.0561946!16s%2Fg%2F11mcvcw3qk!19sChIJfc6xRYHbekgR91Vsl-oxsAA?authuser=0&hl=en&rclk=1,https://streetviewpixels-pa.googleapis.com/v1/thumbnail?panoid=RmuAChZDbLxH5c83E7DSjA&cb_client=search.gws-prod.gps&w=80&h=92&yaw=251.53699&pitch=0&thumbfov=100
WE-FIX,Mobile phone repair shop,Temporarily closed,4.9,81,shops near me,2025-11-15 11:17:36.269178,https://www.google.com/maps/place/WE-FIX/data=!4m7!3m6!1s0x487adaf16ab565dd:0xd7b9d5d52bc33625!8m2!3d53.206695!4d-3.0231745!16s%2Fg%2F11c54bryvv!19sChIJ3WW1avHaekgRJTbDK9XVudc?authuser=0&hl=en&rclk=1,https://lh3.googleusercontent.com/p/AF1QipObzxVmDwDuuLsPlx8HmU5CoYXMo0f9qviXYnuG=w80-h106-k-no
